{
  "version": 1,
  "author": "Uri Shaked",
  "editor": "wokwi",
  "parts": [
    { "type": "wokwi-esp32-devkit-v1", "id": "esp", "top": -36, "left": 118, "attrs": {} },
    { "type": "wokwi-dht22", "id": "dht1", "top": -58.86, "left": -99.17, "attrs": {} },
    {
      "type": "wokwi-led",
      "id": "led1",
      "top": 6.02,
      "left": 261.27,
      "attrs": { "color": "red" }
    },
    {
      "type": "board-ssd1306",
      "id": "oled1",
      "top": 223.03,
      "left": -115.8,
      "attrs": { "i2cAddress": "0x3c" }
    }
  ],
  "connections": [
    [ "esp:TX0", "$serialMonitor:RX", "", [] ],
    [ "esp:RX0", "$serialMonitor:TX", "", [] ],
    [ "esp:GND.2", "dht1:GND", "black", [ "h0" ] ],
    [ "dht1:SDA", "esp:D13", "green", [ "v0" ] ],
    [ "esp:VIN", "dht1:VCC", "red", [ "h0" ] ],
    [ "esp:GND.1", "led1:C", "black", [ "h0" ] ],
    [ "esp:D2", "led1:A", "green", [ "h0" ] ],
    [ "oled1:SDA", "esp:D5", "orange", [ "v-24.22", "h301.96", "v-112.41" ] ],
    [ "oled1:SCL", "esp:D4", "purple", [ "v-39.52", "h299.97", "v-105.97" ] ],
    [ "esp:GND.2", "oled1:GND", "black", [ "h0" ] ],
    [ "esp:VIN", "oled1:VCC", "red", [ "h0" ] ]
  ],
  "dependencies": {}
}